ID,Description,GeneRatio,BgRatio,pvalue,p.adjust,qvalue,geneID,Count
GO:0005622,intracellular anatomical structure,18/117,424/10114,1.6096407208438775e-6,2.6720035966008366e-4,2.1857226630406338e-4,MGG_00211/MGG_00504/MGG_00928/MGG_01695/MGG_02493/MGG_03204/MGG_03253/MGG_03265/MGG_04444/MGG_04467/MGG_04878/MGG_05133/MGG_05216/MGG_06480/MGG_09531/MGG_09701/MGG_13222/MGG_16711,18
GO:0005768,endosome,4/117,26/10114,2.0888523557597167e-4,0.017337474552805647,0.014182208099631761,MGG_05626/MGG_07037/MGG_07151/MGG_12832,4
