ID,Description,GeneRatio,BgRatio,pvalue,p.adjust,qvalue,geneID,Count
GO:0004674,protein serine/threonine kinase activity,10/146,104/10114,2.3652313315177587e-6,2.2009940696185624e-4,1.8193557695264838e-4,MGG_00345/MGG_00760/MGG_00883/MGG_01196/MGG_02759/MGG_03937/MGG_06393/MGG_06599/MGG_14329/MGG_14773,10
GO:0016301,kinase activity,14/146,216/10114,2.700606220390874e-6,2.2009940696185624e-4,1.8193557695264838e-4,MGG_00345/MGG_00760/MGG_00883/MGG_01196/MGG_02759/MGG_03007/MGG_03937/MGG_06039/MGG_06393/MGG_06599/MGG_07151/MGG_12862/MGG_14329/MGG_14773,14
GO:0016310,phosphorylation,14/146,230/10114,5.621648069052353e-6,3.0544287841851117e-4,2.5248103608375484e-4,MGG_00345/MGG_00760/MGG_00883/MGG_01196/MGG_02759/MGG_03007/MGG_03937/MGG_06039/MGG_06393/MGG_06599/MGG_07151/MGG_12862/MGG_14329/MGG_14773,14
GO:0007165,signal transduction,8/146,78/10114,1.5547342476248955e-5,6.335542059071449e-4,5.236999570947016e-4,MGG_00345/MGG_04377/MGG_05332/MGG_06390/MGG_07517/MGG_09303/MGG_09947/MGG_12709,8
GO:0006468,protein phosphorylation,10/146,135/10114,2.4389938562764393e-5,7.951119971461193e-4,6.57244660217651e-4,MGG_00345/MGG_00760/MGG_00883/MGG_01196/MGG_02759/MGG_03937/MGG_06393/MGG_06599/MGG_14329/MGG_14773,10
GO:0050790,regulation of catalytic activity,7/146,73/10114,8.313965552903525e-5,0.002258627308538791,0.0018669957732835988,MGG_00928/MGG_03275/MGG_04377/MGG_05151/MGG_06390/MGG_09303/MGG_12644,7
GO:0004672,protein kinase activity,9/146,131/10114,1.1277771188924888e-4,0.0026261095768496524,0.002170758965687798,MGG_00345/MGG_00760/MGG_00883/MGG_01196/MGG_02759/MGG_06393/MGG_06599/MGG_14329/MGG_14773,9
GO:0016772,"transferase activity, transferring phosphorus-containing groups",10/146,173/10114,1.9734146232080568e-4,0.004020832294786416,0.0033236456811925174,MGG_00345/MGG_00760/MGG_00883/MGG_01196/MGG_02759/MGG_03007/MGG_06599/MGG_12862/MGG_14329/MGG_14773,10
GO:0008047,enzyme activator activity,3/146,11/10114,4.466429096672606e-4,0.00808919936397372,0.006686583910808112,MGG_04377/MGG_06390/MGG_09303,3
