ID,Description,GeneRatio,BgRatio,pvalue,p.adjust,qvalue,geneID,Count
GO:0005622,intracellular anatomical structure,17/118,424/10114,7.819528553991974e-6,0.0013293198541786356,0.0011770448244430025,MGG_00211/MGG_00504/MGG_00928/MGG_01695/MGG_02493/MGG_03252/MGG_03265/MGG_04444/MGG_04467/MGG_04878/MGG_05133/MGG_05216/MGG_06480/MGG_09531/MGG_09701/MGG_13222/MGG_16711,17
GO:0005768,endosome,4/118,26/10114,2.1583783869320102e-4,0.018346216288922086,0.01624463733322513,MGG_05626/MGG_07037/MGG_07151/MGG_12832,4
