ID,Description,GeneRatio,BgRatio,pvalue,p.adjust,qvalue,geneID,Count
GO:0004674,protein serine/threonine kinase activity,8/71,104/10114,5.933280025278752e-7,7.297934431092865e-5,6.620291396626819e-5,MGG_01822/MGG_02944/MGG_06393/MGG_06399/MGG_06599/MGG_06760/MGG_12821/MGG_14773,8
GO:0016301,kinase activity,10/71,216/10114,2.3731731704155496e-6,1.056211640296474e-4,9.581380733540972e-5,MGG_00446/MGG_01822/MGG_01828/MGG_02944/MGG_06393/MGG_06399/MGG_06599/MGG_06760/MGG_12821/MGG_14773,10
GO:0004672,protein kinase activity,8/71,131/10114,3.428684962141886e-6,1.056211640296474e-4,9.581380733540972e-5,MGG_01822/MGG_02944/MGG_06393/MGG_06399/MGG_06599/MGG_06760/MGG_12821/MGG_14773,8
GO:0016310,phosphorylation,10/71,230/10114,4.1686401531071154e-6,1.056211640296474e-4,9.581380733540972e-5,MGG_00446/MGG_01822/MGG_01828/MGG_02944/MGG_06393/MGG_06399/MGG_06599/MGG_06760/MGG_12821/MGG_14773,10
GO:0006468,protein phosphorylation,8/71,135/10114,4.293543253237699e-6,1.056211640296474e-4,9.581380733540972e-5,MGG_01822/MGG_02944/MGG_06393/MGG_06399/MGG_06599/MGG_06760/MGG_12821/MGG_14773,8
GO:0106310,protein serine kinase activity,3/71,26/10114,7.676690678206209e-4,0.015737215890322728,0.014275951085786985,MGG_01822/MGG_06393/MGG_12821,3
GO:0050790,regulation of catalytic activity,4/71,73/10114,0.0016849476565263604,0.029606937393248905,0.02685781226944274,MGG_00446/MGG_01472/MGG_01695/MGG_05637,4
